LASSO,Ridge,ElasticNet
0.001,1.0,0.001
0.001,1.0,0.001
0.001,1.0,0.001
0.001,1.0,0.001
9.9999999999999995e-07,0.10000000000000001,0.0001
