LASSO,Ridge,ElasticNet
1.0000000000000001e-05,0.01,0.0001
1.0000000000000001e-05,0.01,0.0001
1.0000000000000001e-05,0.01,0.0001
0.001,0.01,0.001
0.0001,0.01,0.001
