LASSO,Ridge,ElasticNet
0.0001,1.0,0.0001
1.0000000000000001e-05,1.0,0.0001
1.0000000000000001e-05,1.0,0.0001
