OLS,LASSO,Ridge,ElasticNet
0.22761832188448586,0.21266635346955431,0.21267170161798074,0.21264644449198272
0.22761832188448586,0.21266635346955431,0.21267170161798074,0.21264644449198272
0.22761832188448586,0.21266635346955431,0.21267170161798074,0.21264644449198272
0.24180053593332732,0.22222277769489115,0.22333881401378441,0.22222329095799082
0.74111675007880262,0.22976859422206178,0.22977026830090722,0.22976730174488805
