OLS,LASSO,Ridge,ElasticNet
0.34606754892840758,0.35565733931781202,0.36280292658414054,0.35772190304650403
0.34606754892840758,0.35565733931781202,0.36280292658414054,0.35772190304650403
0.34606754892840758,0.35565733931781202,0.36280292658414054,0.35772190304650403
0.4219987923725485,0.39552635108700418,0.39692803630014228,0.3951480703379503
0.4742192560473536,0.42538650194918465,0.42534389470365042,0.42537269668954947
