OLS,LASSO,Ridge,ElasticNet
0.25213755831630374,0.21900050025069215,0.21929185140119345,0.21908129536224455
0.35066728060591107,0.21848225296162307,0.21845167559355722,0.21847822716299473
1.068814889135538,0.2260591680544117,0.2260588231619732,0.22605916764101452
