OLS,LASSO,Ridge,ElasticNet
0.25213755831630258,0.21900050025069015,0.2192918514011909,0.21908129536224302
0.3506672806059089,0.21848225296161983,0.21845167559355397,0.21847822716299156
1.0688148891356672,0.2260591680544127,0.22605882316197415,0.2260591676410155
