OLS,LASSO,Ridge,ElasticNet
0.021976814801099861,0.022770054392319768,0.022761702856634428,0.022771825776040297
0.022522846606900408,0.022776427014397541,0.022760802631666403,0.022776119531952042
0.02343093457206431,0.023446539773191277,0.023441998585203221,0.02344601407028802
