OLS,LASSO,Ridge,ElasticNet
0.68804715245376125,0.39047401754775152,0.39050063603239649,0.39047264606563953
0.84912676651910191,0.38905200530056921,0.38904966114312017,0.38904212050369125
1.0117515998412054,0.39382587041745032,0.39382335457791545,0.39382584166178897
