OLS,LASSO,Ridge,ElasticNet
0.22761832188448586,0.21266634119561681,0.21257409037230693,0.21264604610996837
0.2418005359333274,0.22222277769489115,0.22284284482922498,0.22222329095799082
0.74111675007880284,0.22976859422206178,0.22976619434674225,0.22976730174488805
