OLS,LASSO,Ridge,ElasticNet
0.021976814801099861,0.022770054392319768,0.022761702856634418,0.022771825776040297
0.021976814801099861,0.022770054392319768,0.022761702856634418,0.022771825776040297
0.021976814801099861,0.022770054392319768,0.022761702856634418,0.022771825776040297
0.022522846606900404,0.022776427014397544,0.022760802631666407,0.022776119531952042
0.023430934572064299,0.023446539773191277,0.023441998585203221,0.02344601407028802
