OLS,LASSO,Ridge,ElasticNet
0.68804715245376458,0.39047401754775707,0.39050063603240237,0.3904726460656453
0.84912676651910468,0.38905200530056355,0.3890496611431144,0.38904212050368547
1.0117515998412054,0.39382587041745032,0.39382335457791545,0.39382584166178897
