OLS,LASSO,Ridge,ElasticNet
0.34606754892840758,0.35565733931781202,0.36280292658413987,0.35772190304650403
0.42199879237254856,0.39552635108700407,0.3969280363001424,0.3951480703379503
0.47421925604735349,0.42538650194918465,0.42534389470365042,0.42537269668954947
