OLS,LASSO,Ridge,ElasticNet
0.022430478159548309,0.020055787743815143,0.020054367862894953,0.020055695051539403
0.022452550050271303,0.020774415737181265,0.020774013624259794,0.020774380282299266
0.026708005319660045,0.021637047182981151,0.021636663219911291,0.021637020131005109
